356f5ece-8539-4fa3-b5d2-6818f8203f40,3741ee1a-a041-4812-9bb8-e265306e6c70,9dc2557e-4a0f-491e-93bc-214caf120f58
040dc45e-f8e8-4b48-9338-67912526971b,3741ee1a-a041-4812-9bb8-e265306e6c70,737a24f9-3b40-42aa-8648-50e7893e8be2
41ee85a7-ed3e-4ff5-96d2-f9dc66d8181a,3741ee1a-a041-4812-9bb8-e265306e6c70,c39eacb6-be13-4381-bc90-9000b7137ec9
82dc6343-a655-4cde-b14f-7f861a7df92b,3741ee1a-a041-4812-9bb8-e265306e6c70,1a51fb83-882b-46cf-8383-b29a4d48b87a
abf22c2e-7354-48da-9e63-7f54abeeafaa,3741ee1a-a041-4812-9bb8-e265306e6c70,f0fa325f-dc1a-4997-84ae-886c0b37db23
26f96966-95fb-46c9-a960-c6681e4eee4c,3741ee1a-a041-4812-9bb8-e265306e6c70,2732ba8e-1f49-4d1d-8f69-c49b9cc7694d
20926e0a-3489-43eb-8ccf-27916e28f49d,3741ee1a-a041-4812-9bb8-e265306e6c70,12636f4e-1643-478c-8581-fcaaebf099a4
5530181a-b234-4cc1-bcde-7644c6c4da50,3741ee1a-a041-4812-9bb8-e265306e6c70,cfac84fc-59b4-4a21-bf77-dd98fff3184e
ae6cf192-2d2a-4330-8e56-56a1e7085545,3741ee1a-a041-4812-9bb8-e265306e6c70,2ae4fb2c-5a10-4b2c-91b5-4eeb6c0c0943
a90fa6b1-4785-49bf-98b1-ca1075fa75da,3741ee1a-a041-4812-9bb8-e265306e6c70,883ea88c-487d-4ff8-bc57-dd27f4770d67
b195537b-2b72-40c2-9e06-341a18918c2f,3741ee1a-a041-4812-9bb8-e265306e6c70,422e27d6-97b4-4989-94a7-a4941edcacf9
